model,accuracy,precision,recall,f1,test_loss,evaluation_runtime_seconds,score_type,train_rows,test_rows
Logistic Regression,0.995928742218297,0.9979843225083986,0.9914891249930466,0.9947261210480788,,8.402785799931735,label_1_probability,371381,46423
Linear SVM,0.9995907201171833,0.9997217275155833,0.9992212271235468,0.9994714146612881,,10.124736899975687,label_1_decision_function,371381,46423
DistilBERT,0.9989229476767981,0.998387545176536,0.9988318406853202,0.9986096435125966,0.005617909133434296,279.9959,label_1_probability,371381,46423
